slide,pdf_page,start,end,duration,speaker,section,title,teaching_point
Title,1,00:00,00:15,00:15,Guray Ozen,Introduction,How to build a Python DSL for MLIR,
1,2,00:15,00:35,00:20,Guray Ozen,Motivation,How do we produce MLIR?,
2,3,00:35,01:35,01:00,Guray Ozen,Motivation,"Just a + b, with Python bindings",
3,4,01:35,02:30,00:55,Guray Ozen,Motivation,Now add PyTorch tensors,
4,5,02:30,03:35,01:05,Guray Ozen,Motivation,Four use cases inside NVIDIA,
5,6,03:35,04:00,00:25,Guray Ozen,Motivation,How do we build mlir dsl?,
6,7,04:00,04:20,00:20,Guray Ozen,Introduction,Share the core services,
7,8,04:20,04:45,00:25,Guray Ozen,Architecture,What is a plugin?,
8,9,04:45,05:10,00:25,Guray Ozen,Architecture,Compose the DSL you need,
9,10,05:10,05:45,00:35,Guray Ozen,Architecture,How much Python should we implement?,
10,11,05:45,06:05,00:20,Guray Ozen,Introduction,Design principles,This leads to multi-stage programming.
11,12,06:05,06:45,00:40,Guray Ozen,Introduction,What is multi-stage programming?,
12,13,06:45,07:10,00:25,Guray Ozen,Introduction,Why multi-stage programming?,
13,14,07:10,07:25,00:15,Guray Ozen,mlir dsl,Agenda,
14,15,07:25,08:10,00:45,Guray Ozen,mlir dsl,1 · Tracing JIT,
15,16,08:10,09:05,00:55,Guray Ozen,mlir dsl,2 · Python value or MLIR value?,
16,17,09:05,09:35,00:30,Guray Ozen,mlir dsl,Python is the metaprogram,
17,18,09:35,10:25,00:50,Guray Ozen,mlir dsl core,Objects + dictionaries → arithmetic,No runtime dictionary or virtual dispatch.
18,19,10:25,10:55,00:30,Guray Ozen,mlir dsl,3 · Numeric types are core policy,
19,20,10:55,11:55,01:00,Guray Ozen,mlir dsl core,Literal → promotion → cast,Shown: TypeOps with arith
20,21,11:55,12:40,00:45,Guray Ozen,mlir dsl,The same dtype can target another dialect,
21,22,12:40,13:15,00:35,Guray Ozen,mlir dsl,"4 · Vectors, pointers, structs",
22,23,13:15,14:00,00:45,Guray Ozen,Control flow,Records flatten into their fields,Frozen record · no aggregate SSA type
23,24,14:00,14:35,00:35,Guray Ozen,mlir dsl,Extend values with mydialect.Tensor,
24,25,14:35,15:30,00:55,Guray Ozen,Control flow,5 · Native control flow,Syntax capture and IR emission are separate choices.
25,26,15:30,16:30,01:00,Guray Ozen,Control flow,Assigned name → iter_arg,Flatten → build region → yield → rebuild
26,27,16:30,17:00,00:30,Guray Ozen,mlir dsl,Capture has an explicit boundary,
27,28,17:00,17:40,00:40,Guray Ozen,mlir dsl,Replace capture through one role,
28,29,17:40,18:15,00:35,Guray Ozen,mlir dsl,6 · Explicit builders,
29,30,18:15,19:10,00:55,Guray Ozen,mlir dsl,7 · Bring host values to the DSL,
30,31,19:10,19:40,00:30,Guray Ozen,mlir dsl,Adapters work in both directions,
31,32,19:40,20:20,00:40,Guray Ozen,mlir dsl,8 · @kernel comes from a decorator plugin,
32,33,20:20,21:00,00:40,Guray Ozen,mlir dsl,Launch is an explicit operation,
33,34,21:00,21:55,00:55,Guray Ozen,mlir dsl,9 · The DSL owns the pass pipeline,
34,35,21:55,22:30,00:35,Guray Ozen,mlir dsl,Compile now. Call later.,
35,36,22:30,23:05,00:35,Guray Ozen,mlir dsl,10 · Cache compilation work,
36,37,23:05,23:40,00:35,Guray Ozen,mlir dsl,11 · Generate IR and stop,
37,38,23:40,24:15,00:35,Guray Ozen,mlir dsl,12 · Errors should point to Python,
38,39,24:15,24:50,00:35,Guray Ozen,mlir dsl,13 · Locations and remarks,
39,40,24:50,25:20,00:30,Guray Ozen,mlir dsl,14 · See what the compiler does,
40,41,25:20,25:55,00:35,Guray Ozen,Sub-DSL authoring,Four roles. Two families.,
41,42,25:55,26:55,01:00,Guray Ozen,mlir dsl,15 · One subclass. One Plugins record.,
42,43,26:55,27:30,00:35,Guray Ozen,mlir dsl,Own the namespace and lowering,
43,44,27:30,28:05,00:35,Guray Ozen,mlir dsl,Reuse a composition; change one field,
44,45,28:05,28:40,00:35,Guray Ozen,mlir dsl,Every plugin has a small shared lifecycle,
45,46,28:40,29:45,01:05,Guray Ozen,Worked examples,One program: Python recipe + staged loop,Staged array loop · Meta recipe loop
46,47,29:45,30:00,00:15,Guray Ozen,Mutation,From loop carries to richer mutation,
47,48,30:00,40:00,10:00,Amir Tavakkoli,Mutation,Advanced mutation tracking,
48,49,40:00,41:00,01:00,Guray Ozen,Tile IR,Tile IR: choose target implementations,
49,50,41:00,42:00,01:00,Guray Ozen,Tile IR,Tile IR: one type-ops role,
50,51,42:00,43:00,01:00,Guray Ozen,Tile IR,Tile IR: choose its control-flow model,
51,52,43:00,44:00,01:00,Guray Ozen,Tile IR,Tile IR: keep a small user surface,
52,53,44:00,45:00,01:00,Guray Ozen,Tile IR,Tile IR: the target owns launch,
